<?xml version="1.0" encoding="UTF-8"?>
<!DOCTYPE hibernate-configuration PUBLIC "-//Hibernate/Hibernate Configuration DTD//EN"
                                        "http://hibernate.sourceforge.net/hibernate-configuration-3.0.dtd">
<hibernate-configuration>
	<session-factory>


		<property name="hibernate.connection.driver_class">oracle.jdbc.driver.OracleDriver</property>
		<property name="hibernate.connection.url">jdbc:oracle:thin:@127.0.0.1:1521:XE</property>
		<property name="hibernate.connection.username">hr</property>
		<property name="hibernate.connection.password">hr</property>
		<property name="show_sql">true</property>

		<property name="dialect">org.hibernate.dialect.OracleDialect</property>
		<property name="hibernate.hbm2ddl.auto">update</property>

		<mapping class="com.table.Login" />
		<mapping class="com.table.Employee" />
		<mapping class="com.table.Complaints" />
		<mapping class="com.table.Registration" />
		


	</session-factory>
</hibernate-configuration>
